thickness_mu,n_trees,min_node_size,split,beta,max_depth,train_auc,eval_auc,run_dir,log_path
100,1000,3.0,50_50,_5,8,0.993,0.985,results/1000-3-50_50-_5-8,results/1000-3-50_50-_5-8/100_evaluation.log
200,1000,3.0,50_50,_5,8,0.994,0.988,results/1000-3-50_50-_5-8,results/1000-3-50_50-_5-8/200_evaluation.log
400,1000,3.0,50_50,_5,8,0.99,0.971,results/1000-3-50_50-_5-8,results/1000-3-50_50-_5-8/400_evaluation.log
50,1000,3.0,50_50,_5,8,0.991,0.97,results/1000-3-50_50-_5-8,results/1000-3-50_50-_5-8/50_evaluation.log
75,1000,3.0,50_50,_5,8,0.993,0.98,results/1000-3-50_50-_5-8,results/1000-3-50_50-_5-8/75_evaluation.log
100,1200,3.0,50_50,_5,8,0.993,0.985,results/1200-3-50_50-_5-8,results/1200-3-50_50-_5-8/100_evaluation.log
200,1200,3.0,50_50,_5,8,0.994,0.988,results/1200-3-50_50-_5-8,results/1200-3-50_50-_5-8/200_evaluation.log
400,1200,3.0,50_50,_5,8,0.99,0.971,results/1200-3-50_50-_5-8,results/1200-3-50_50-_5-8/400_evaluation.log
50,1200,3.0,50_50,_5,8,0.991,0.97,results/1200-3-50_50-_5-8,results/1200-3-50_50-_5-8/50_evaluation.log
75,1200,3.0,50_50,_5,8,0.993,0.98,results/1200-3-50_50-_5-8,results/1200-3-50_50-_5-8/75_evaluation.log
100,1400,3.0,50_50,_5,8,0.993,0.985,results/1400-3-50_50-_5-8,results/1400-3-50_50-_5-8/100_evaluation.log
200,1400,3.0,50_50,_5,8,0.994,0.988,results/1400-3-50_50-_5-8,results/1400-3-50_50-_5-8/200_evaluation.log
400,1400,3.0,50_50,_5,8,0.991,0.971,results/1400-3-50_50-_5-8,results/1400-3-50_50-_5-8/400_evaluation.log
50,1400,3.0,50_50,_5,8,0.991,0.97,results/1400-3-50_50-_5-8,results/1400-3-50_50-_5-8/50_evaluation.log
75,1400,3.0,50_50,_5,8,0.993,0.98,results/1400-3-50_50-_5-8,results/1400-3-50_50-_5-8/75_evaluation.log
100,200,3.0,50_50,_5,8,0.991,0.985,results/200-3-50_50-_5-8,results/200-3-50_50-_5-8/100_evaluation.log
200,200,3.0,50_50,_5,8,0.992,0.987,results/200-3-50_50-_5-8,results/200-3-50_50-_5-8/200_evaluation.log
400,200,3.0,50_50,_5,8,0.989,0.971,results/200-3-50_50-_5-8,results/200-3-50_50-_5-8/400_evaluation.log
50,200,3.0,50_50,_5,8,0.989,0.972,results/200-3-50_50-_5-8,results/200-3-50_50-_5-8/50_evaluation.log
75,200,3.0,50_50,_5,8,0.99,0.978,results/200-3-50_50-_5-8,results/200-3-50_50-_5-8/75_evaluation.log
100,200,5.0,50_50,_5,3,0.978,0.978,results/200-5-50_50-_5-3,results/200-5-50_50-_5-3/100_evaluation.log
200,200,5.0,50_50,_5,3,0.975,0.974,results/200-5-50_50-_5-3,results/200-5-50_50-_5-3/200_evaluation.log
400,200,5.0,50_50,_5,3,0.965,0.957,results/200-5-50_50-_5-3,results/200-5-50_50-_5-3/400_evaluation.log
50,200,5.0,50_50,_5,3,0.978,0.968,results/200-5-50_50-_5-3,results/200-5-50_50-_5-3/50_evaluation.log
75,200,5.0,50_50,_5,3,0.98,0.975,results/200-5-50_50-_5-3,results/200-5-50_50-_5-3/75_evaluation.log
100,400,3.0,50_50,_5,8,0.992,0.985,results/400-3-50_50-_5-8,results/400-3-50_50-_5-8/100_evaluation.log
200,400,3.0,50_50,_5,8,0.993,0.987,results/400-3-50_50-_5-8,results/400-3-50_50-_5-8/200_evaluation.log
400,400,3.0,50_50,_5,8,0.99,0.971,results/400-3-50_50-_5-8,results/400-3-50_50-_5-8/400_evaluation.log
50,400,3.0,50_50,_5,8,0.99,0.971,results/400-3-50_50-_5-8,results/400-3-50_50-_5-8/50_evaluation.log
75,400,3.0,50_50,_5,8,0.992,0.979,results/400-3-50_50-_5-8,results/400-3-50_50-_5-8/75_evaluation.log
100,600,3.0,50_50,_5,8,0.993,0.985,results/600-3-50_50-_5-8,results/600-3-50_50-_5-8/100_evaluation.log
200,600,3.0,50_50,_5,8,0.994,0.987,results/600-3-50_50-_5-8,results/600-3-50_50-_5-8/200_evaluation.log
400,600,3.0,50_50,_5,8,0.99,0.972,results/600-3-50_50-_5-8,results/600-3-50_50-_5-8/400_evaluation.log
50,600,3.0,50_50,_5,8,0.991,0.971,results/600-3-50_50-_5-8,results/600-3-50_50-_5-8/50_evaluation.log
75,600,3.0,50_50,_5,8,0.992,0.979,results/600-3-50_50-_5-8,results/600-3-50_50-_5-8/75_evaluation.log
100,800,1.0,50_50,_5,3,0.985,0.983,results/800-1-50_50-_5-3,results/800-1-50_50-_5-3/100_evaluation.log
200,800,1.0,50_50,_5,3,0.987,0.985,results/800-1-50_50-_5-3,results/800-1-50_50-_5-3/200_evaluation.log
400,800,1.0,50_50,_5,3,0.978,0.964,results/800-1-50_50-_5-3,results/800-1-50_50-_5-3/400_evaluation.log
50,800,1.0,50_50,_5,3,0.983,0.97,results/800-1-50_50-_5-3,results/800-1-50_50-_5-3/50_evaluation.log
75,800,1.0,50_50,_5,3,0.985,0.977,results/800-1-50_50-_5-3,results/800-1-50_50-_5-3/75_evaluation.log
100,800,1.5,50_50,_5,3,0.986,0.983,results/800-1_5-50_50-_5-3,results/800-1_5-50_50-_5-3/100_evaluation.log
200,800,1.5,50_50,_5,3,0.987,0.982,results/800-1_5-50_50-_5-3,results/800-1_5-50_50-_5-3/200_evaluation.log
400,800,1.5,50_50,_5,3,0.982,0.966,results/800-1_5-50_50-_5-3,results/800-1_5-50_50-_5-3/400_evaluation.log
50,800,1.5,50_50,_5,3,0.984,0.97,results/800-1_5-50_50-_5-3,results/800-1_5-50_50-_5-3/50_evaluation.log
75,800,1.5,50_50,_5,3,0.985,0.978,results/800-1_5-50_50-_5-3,results/800-1_5-50_50-_5-3/75_evaluation.log
100,800,2.0,50_50,_5,3,0.986,0.982,results/800-2-50_50-_5-3,results/800-2-50_50-_5-3/100_evaluation.log
200,800,2.0,50_50,_5,3,0.987,0.982,results/800-2-50_50-_5-3,results/800-2-50_50-_5-3/200_evaluation.log
400,800,2.0,50_50,_5,3,0.979,0.964,results/800-2-50_50-_5-3,results/800-2-50_50-_5-3/400_evaluation.log
50,800,2.0,50_50,_5,3,0.984,0.97,results/800-2-50_50-_5-3,results/800-2-50_50-_5-3/50_evaluation.log
75,800,2.0,50_50,_5,3,0.987,0.978,results/800-2-50_50-_5-3,results/800-2-50_50-_5-3/75_evaluation.log
100,800,2.5,50_50,_5,3,0.987,0.983,results/800-2_5-50_50-_5-3,results/800-2_5-50_50-_5-3/100_evaluation.log
200,800,2.5,50_50,_5,3,0.988,0.982,results/800-2_5-50_50-_5-3,results/800-2_5-50_50-_5-3/200_evaluation.log
400,800,2.5,50_50,_5,3,0.981,0.963,results/800-2_5-50_50-_5-3,results/800-2_5-50_50-_5-3/400_evaluation.log
50,800,2.5,50_50,_5,3,0.985,0.97,results/800-2_5-50_50-_5-3,results/800-2_5-50_50-_5-3/50_evaluation.log
75,800,2.5,50_50,_5,3,0.986,0.976,results/800-2_5-50_50-_5-3,results/800-2_5-50_50-_5-3/75_evaluation.log
100,800,3.0,50_50,_5,10,0.992,0.985,results/800-3-50_50-_5-10,results/800-3-50_50-_5-10/100_evaluation.log
200,800,3.0,50_50,_5,10,0.994,0.988,results/800-3-50_50-_5-10,results/800-3-50_50-_5-10/200_evaluation.log
400,800,3.0,50_50,_5,10,0.99,0.97,results/800-3-50_50-_5-10,results/800-3-50_50-_5-10/400_evaluation.log
50,800,3.0,50_50,_5,10,0.991,0.971,results/800-3-50_50-_5-10,results/800-3-50_50-_5-10/50_evaluation.log
75,800,3.0,50_50,_5,10,0.993,0.98,results/800-3-50_50-_5-10,results/800-3-50_50-_5-10/75_evaluation.log
100,800,3.0,50_50,_5,11,0.993,0.985,results/800-3-50_50-_5-11,results/800-3-50_50-_5-11/100_evaluation.log
200,800,3.0,50_50,_5,11,0.994,0.988,results/800-3-50_50-_5-11,results/800-3-50_50-_5-11/200_evaluation.log
400,800,3.0,50_50,_5,11,0.991,0.971,results/800-3-50_50-_5-11,results/800-3-50_50-_5-11/400_evaluation.log
50,800,3.0,50_50,_5,11,0.991,0.971,results/800-3-50_50-_5-11,results/800-3-50_50-_5-11/50_evaluation.log
75,800,3.0,50_50,_5,11,0.993,0.98,results/800-3-50_50-_5-11,results/800-3-50_50-_5-11/75_evaluation.log
100,800,3.0,50_50,_5,12,0.993,0.985,results/800-3-50_50-_5-12,results/800-3-50_50-_5-12/100_evaluation.log
200,800,3.0,50_50,_5,12,0.994,0.989,results/800-3-50_50-_5-12,results/800-3-50_50-_5-12/200_evaluation.log
400,800,3.0,50_50,_5,12,0.991,0.972,results/800-3-50_50-_5-12,results/800-3-50_50-_5-12/400_evaluation.log
50,800,3.0,50_50,_5,12,0.991,0.97,results/800-3-50_50-_5-12,results/800-3-50_50-_5-12/50_evaluation.log
75,800,3.0,50_50,_5,12,0.993,0.98,results/800-3-50_50-_5-12,results/800-3-50_50-_5-12/75_evaluation.log
100,800,3.0,50_50,_5,2,0.977,0.978,results/800-3-50_50-_5-2,results/800-3-50_50-_5-2/100_evaluation.log
200,800,3.0,50_50,_5,2,0.968,0.967,results/800-3-50_50-_5-2,results/800-3-50_50-_5-2/200_evaluation.log
400,800,3.0,50_50,_5,2,0.956,0.95,results/800-3-50_50-_5-2,results/800-3-50_50-_5-2/400_evaluation.log
50,800,3.0,50_50,_5,2,0.977,0.966,results/800-3-50_50-_5-2,results/800-3-50_50-_5-2/50_evaluation.log
75,800,3.0,50_50,_5,2,0.978,0.974,results/800-3-50_50-_5-2,results/800-3-50_50-_5-2/75_evaluation.log
100,800,3.0,50_50,_5,3,0.988,0.983,results/800-3-50_50-_5-3,results/800-3-50_50-_5-3/100_evaluation.log
200,800,3.0,50_50,_5,3,0.987,0.982,results/800-3-50_50-_5-3,results/800-3-50_50-_5-3/200_evaluation.log
400,800,3.0,50_50,_5,3,0.979,0.961,results/800-3-50_50-_5-3,results/800-3-50_50-_5-3/400_evaluation.log
50,800,3.0,50_50,_5,3,0.984,0.97,results/800-3-50_50-_5-3,results/800-3-50_50-_5-3/50_evaluation.log
75,800,3.0,50_50,_5,3,0.986,0.976,results/800-3-50_50-_5-3,results/800-3-50_50-_5-3/75_evaluation.log
100,800,3.0,50_50,_5,4,0.99,0.983,results/800-3-50_50-_5-4,results/800-3-50_50-_5-4/100_evaluation.log
200,800,3.0,50_50,_5,4,0.992,0.986,results/800-3-50_50-_5-4,results/800-3-50_50-_5-4/200_evaluation.log
400,800,3.0,50_50,_5,4,0.986,0.965,results/800-3-50_50-_5-4,results/800-3-50_50-_5-4/400_evaluation.log
50,800,3.0,50_50,_5,4,0.988,0.97,results/800-3-50_50-_5-4,results/800-3-50_50-_5-4/50_evaluation.log
75,800,3.0,50_50,_5,4,0.991,0.978,results/800-3-50_50-_5-4,results/800-3-50_50-_5-4/75_evaluation.log
100,800,3.0,50_50,_5,5,0.992,0.984,results/800-3-50_50-_5-5,results/800-3-50_50-_5-5/100_evaluation.log
200,800,3.0,50_50,_5,5,0.993,0.987,results/800-3-50_50-_5-5,results/800-3-50_50-_5-5/200_evaluation.log
400,800,3.0,50_50,_5,5,0.989,0.967,results/800-3-50_50-_5-5,results/800-3-50_50-_5-5/400_evaluation.log
50,800,3.0,50_50,_5,5,0.99,0.97,results/800-3-50_50-_5-5,results/800-3-50_50-_5-5/50_evaluation.log
75,800,3.0,50_50,_5,5,0.992,0.98,results/800-3-50_50-_5-5,results/800-3-50_50-_5-5/75_evaluation.log
100,800,3.0,50_50,_5,6,0.992,0.984,results/800-3-50_50-_5-6,results/800-3-50_50-_5-6/100_evaluation.log
200,800,3.0,50_50,_5,6,0.994,0.988,results/800-3-50_50-_5-6,results/800-3-50_50-_5-6/200_evaluation.log
400,800,3.0,50_50,_5,6,0.989,0.969,results/800-3-50_50-_5-6,results/800-3-50_50-_5-6/400_evaluation.log
50,800,3.0,50_50,_5,6,0.99,0.971,results/800-3-50_50-_5-6,results/800-3-50_50-_5-6/50_evaluation.log
75,800,3.0,50_50,_5,6,0.992,0.979,results/800-3-50_50-_5-6,results/800-3-50_50-_5-6/75_evaluation.log
100,800,3.0,50_50,_5,7,0.992,0.984,results/800-3-50_50-_5-7,results/800-3-50_50-_5-7/100_evaluation.log
200,800,3.0,50_50,_5,7,0.994,0.988,results/800-3-50_50-_5-7,results/800-3-50_50-_5-7/200_evaluation.log
400,800,3.0,50_50,_5,7,0.991,0.971,results/800-3-50_50-_5-7,results/800-3-50_50-_5-7/400_evaluation.log
50,800,3.0,50_50,_5,7,0.99,0.97,results/800-3-50_50-_5-7,results/800-3-50_50-_5-7/50_evaluation.log
75,800,3.0,50_50,_5,7,0.992,0.98,results/800-3-50_50-_5-7,results/800-3-50_50-_5-7/75_evaluation.log
100,800,3.0,50_50,_5,8,0.993,0.985,results/800-3-50_50-_5-8,results/800-3-50_50-_5-8/100_evaluation.log
200,800,3.0,50_50,_5,8,0.994,0.988,results/800-3-50_50-_5-8,results/800-3-50_50-_5-8/200_evaluation.log
400,800,3.0,50_50,_5,8,0.99,0.971,results/800-3-50_50-_5-8,results/800-3-50_50-_5-8/400_evaluation.log
50,800,3.0,50_50,_5,8,0.991,0.971,results/800-3-50_50-_5-8,results/800-3-50_50-_5-8/50_evaluation.log
75,800,3.0,50_50,_5,8,0.993,0.98,results/800-3-50_50-_5-8,results/800-3-50_50-_5-8/75_evaluation.log
100,800,3.0,50_50,_5,9,0.993,0.985,results/800-3-50_50-_5-9,results/800-3-50_50-_5-9/100_evaluation.log
200,800,3.0,50_50,_5,9,0.994,0.988,results/800-3-50_50-_5-9,results/800-3-50_50-_5-9/200_evaluation.log
400,800,3.0,50_50,_5,9,0.991,0.971,results/800-3-50_50-_5-9,results/800-3-50_50-_5-9/400_evaluation.log
50,800,3.0,50_50,_5,9,0.991,0.97,results/800-3-50_50-_5-9,results/800-3-50_50-_5-9/50_evaluation.log
75,800,3.0,50_50,_5,9,0.993,0.98,results/800-3-50_50-_5-9,results/800-3-50_50-_5-9/75_evaluation.log
100,800,3.5,50_50,_5,3,0.987,0.982,results/800-3_5-50_50-_5-3,results/800-3_5-50_50-_5-3/100_evaluation.log
200,800,3.5,50_50,_5,3,0.986,0.98,results/800-3_5-50_50-_5-3,results/800-3_5-50_50-_5-3/200_evaluation.log
400,800,3.5,50_50,_5,3,0.979,0.961,results/800-3_5-50_50-_5-3,results/800-3_5-50_50-_5-3/400_evaluation.log
50,800,3.5,50_50,_5,3,0.984,0.968,results/800-3_5-50_50-_5-3,results/800-3_5-50_50-_5-3/50_evaluation.log
75,800,3.5,50_50,_5,3,0.986,0.975,results/800-3_5-50_50-_5-3,results/800-3_5-50_50-_5-3/75_evaluation.log
100,800,4.0,50_50,_5,3,0.986,0.98,results/800-4-50_50-_5-3,results/800-4-50_50-_5-3/100_evaluation.log
200,800,4.0,50_50,_5,3,0.986,0.981,results/800-4-50_50-_5-3,results/800-4-50_50-_5-3/200_evaluation.log
400,800,4.0,50_50,_5,3,0.977,0.959,results/800-4-50_50-_5-3,results/800-4-50_50-_5-3/400_evaluation.log
50,800,4.0,50_50,_5,3,0.984,0.968,results/800-4-50_50-_5-3,results/800-4-50_50-_5-3/50_evaluation.log
75,800,4.0,50_50,_5,3,0.986,0.976,results/800-4-50_50-_5-3,results/800-4-50_50-_5-3/75_evaluation.log
100,800,4.5,50_50,_5,3,0.987,0.982,results/800-4_5-50_50-_5-3,results/800-4_5-50_50-_5-3/100_evaluation.log
200,800,4.5,50_50,_5,3,0.985,0.979,results/800-4_5-50_50-_5-3,results/800-4_5-50_50-_5-3/200_evaluation.log
400,800,4.5,50_50,_5,3,0.976,0.96,results/800-4_5-50_50-_5-3,results/800-4_5-50_50-_5-3/400_evaluation.log
50,800,4.5,50_50,_5,3,0.984,0.968,results/800-4_5-50_50-_5-3,results/800-4_5-50_50-_5-3/50_evaluation.log
75,800,4.5,50_50,_5,3,0.986,0.975,results/800-4_5-50_50-_5-3,results/800-4_5-50_50-_5-3/75_evaluation.log
100,800,5.0,50_50,_5,3,0.985,0.979,results/800-5-50_50-_5-3,results/800-5-50_50-_5-3/100_evaluation.log
200,800,5.0,50_50,_5,3,0.984,0.978,results/800-5-50_50-_5-3,results/800-5-50_50-_5-3/200_evaluation.log
400,800,5.0,50_50,_5,3,0.974,0.955,results/800-5-50_50-_5-3,results/800-5-50_50-_5-3/400_evaluation.log
50,800,5.0,50_50,_5,3,0.983,0.967,results/800-5-50_50-_5-3,results/800-5-50_50-_5-3/50_evaluation.log
75,800,5.0,50_50,_5,3,0.986,0.975,results/800-5-50_50-_5-3,results/800-5-50_50-_5-3/75_evaluation.log
100,800,5.5,50_50,_5,3,0.986,0.981,results/800-5_5-50_50-_5-3,results/800-5_5-50_50-_5-3/100_evaluation.log
200,800,5.5,50_50,_5,3,0.984,0.977,results/800-5_5-50_50-_5-3,results/800-5_5-50_50-_5-3/200_evaluation.log
400,800,5.5,50_50,_5,3,0.969,0.951,results/800-5_5-50_50-_5-3,results/800-5_5-50_50-_5-3/400_evaluation.log
50,800,5.5,50_50,_5,3,0.983,0.967,results/800-5_5-50_50-_5-3,results/800-5_5-50_50-_5-3/50_evaluation.log
75,800,5.5,50_50,_5,3,0.985,0.975,results/800-5_5-50_50-_5-3,results/800-5_5-50_50-_5-3/75_evaluation.log
100,800,6.0,50_50,_5,3,0.986,0.98,results/800-6-50_50-_5-3,results/800-6-50_50-_5-3/100_evaluation.log
200,800,6.0,50_50,_5,3,0.982,0.976,results/800-6-50_50-_5-3,results/800-6-50_50-_5-3/200_evaluation.log
400,800,6.0,50_50,_5,3,0.969,0.952,results/800-6-50_50-_5-3,results/800-6-50_50-_5-3/400_evaluation.log
50,800,6.0,50_50,_5,3,0.983,0.967,results/800-6-50_50-_5-3,results/800-6-50_50-_5-3/50_evaluation.log
75,800,6.0,50_50,_5,3,0.985,0.974,results/800-6-50_50-_5-3,results/800-6-50_50-_5-3/75_evaluation.log
100,800,6.5,50_50,_5,3,0.985,0.979,results/800-6_5-50_50-_5-3,results/800-6_5-50_50-_5-3/100_evaluation.log
200,800,6.5,50_50,_5,3,0.981,0.975,results/800-6_5-50_50-_5-3,results/800-6_5-50_50-_5-3/200_evaluation.log
400,800,6.5,50_50,_5,3,0.97,0.951,results/800-6_5-50_50-_5-3,results/800-6_5-50_50-_5-3/400_evaluation.log
50,800,6.5,50_50,_5,3,0.983,0.968,results/800-6_5-50_50-_5-3,results/800-6_5-50_50-_5-3/50_evaluation.log
75,800,6.5,50_50,_5,3,0.985,0.974,results/800-6_5-50_50-_5-3,results/800-6_5-50_50-_5-3/75_evaluation.log
100,800,7.0,50_50,_5,3,0.985,0.979,results/800-7-50_50-_5-3,results/800-7-50_50-_5-3/100_evaluation.log
200,800,7.0,50_50,_5,3,0.981,0.975,results/800-7-50_50-_5-3,results/800-7-50_50-_5-3/200_evaluation.log
400,800,7.0,50_50,_5,3,0.966,0.949,results/800-7-50_50-_5-3,results/800-7-50_50-_5-3/400_evaluation.log
50,800,7.0,50_50,_5,3,0.982,0.967,results/800-7-50_50-_5-3,results/800-7-50_50-_5-3/50_evaluation.log
75,800,7.0,50_50,_5,3,0.984,0.973,results/800-7-50_50-_5-3,results/800-7-50_50-_5-3/75_evaluation.log
100,800,7.5,50_50,_5,3,0.984,0.978,results/800-7_5-50_50-_5-3,results/800-7_5-50_50-_5-3/100_evaluation.log
200,800,7.5,50_50,_5,3,0.981,0.975,results/800-7_5-50_50-_5-3,results/800-7_5-50_50-_5-3/200_evaluation.log
400,800,7.5,50_50,_5,3,0.966,0.95,results/800-7_5-50_50-_5-3,results/800-7_5-50_50-_5-3/400_evaluation.log
50,800,7.5,50_50,_5,3,0.981,0.965,results/800-7_5-50_50-_5-3,results/800-7_5-50_50-_5-3/50_evaluation.log
75,800,7.5,50_50,_5,3,0.984,0.973,results/800-7_5-50_50-_5-3,results/800-7_5-50_50-_5-3/75_evaluation.log
100,800,8.0,50_50,_5,3,0.984,0.978,results/800-8-50_50-_5-3,results/800-8-50_50-_5-3/100_evaluation.log
200,800,8.0,50_50,_5,3,0.979,0.973,results/800-8-50_50-_5-3,results/800-8-50_50-_5-3/200_evaluation.log
400,800,8.0,50_50,_5,3,0.964,0.948,results/800-8-50_50-_5-3,results/800-8-50_50-_5-3/400_evaluation.log
50,800,8.0,50_50,_5,3,0.98,0.964,results/800-8-50_50-_5-3,results/800-8-50_50-_5-3/50_evaluation.log
75,800,8.0,50_50,_5,3,0.983,0.972,results/800-8-50_50-_5-3,results/800-8-50_50-_5-3/75_evaluation.log
100,800,8.5,50_50,_5,3,0.984,0.978,results/800-8_5-50_50-_5-3,results/800-8_5-50_50-_5-3/100_evaluation.log
200,800,8.5,50_50,_5,3,0.978,0.972,results/800-8_5-50_50-_5-3,results/800-8_5-50_50-_5-3/200_evaluation.log
400,800,8.5,50_50,_5,3,0.961,0.945,results/800-8_5-50_50-_5-3,results/800-8_5-50_50-_5-3/400_evaluation.log
50,800,8.5,50_50,_5,3,0.979,0.963,results/800-8_5-50_50-_5-3,results/800-8_5-50_50-_5-3/50_evaluation.log
75,800,8.5,50_50,_5,3,0.983,0.973,results/800-8_5-50_50-_5-3,results/800-8_5-50_50-_5-3/75_evaluation.log
100,800,9.0,50_50,_5,3,0.984,0.978,results/800-9-50_50-_5-3,results/800-9-50_50-_5-3/100_evaluation.log
200,800,9.0,50_50,_5,3,0.978,0.972,results/800-9-50_50-_5-3,results/800-9-50_50-_5-3/200_evaluation.log
400,800,9.0,50_50,_5,3,0.962,0.946,results/800-9-50_50-_5-3,results/800-9-50_50-_5-3/400_evaluation.log
50,800,9.0,50_50,_5,3,0.978,0.963,results/800-9-50_50-_5-3,results/800-9-50_50-_5-3/50_evaluation.log
75,800,9.0,50_50,_5,3,0.981,0.971,results/800-9-50_50-_5-3,results/800-9-50_50-_5-3/75_evaluation.log
